{"cameraMode":{"drawMode":0,"name":"Shaded","section":"Shading Mode"},"sceneLighting":true,"audioPlay":false,"sceneViewState":{"m_AlwaysRefresh":false,"showFog":true,"showSkybox":true,"showFlares":true,"showImageEffects":true,"showParticleSystems":true,"showVisualEffectGraphs":true,"m_FxEnabled":true},"in2DMode":false,"pivot":{"x":0.3213014006614685,"y":9.831014633178711,"z":-4.037092685699463},"rotation":{"x":-0.008359348401427269,"y":0.9891142845153809,"z":-0.13314856588840486,"w":-0.06209792196750641},"size":13.022601127624512,"orthographic":false}